pid,label,monster_type,artist,location,language,_date,current_location,source,marginalia_description,order,layout,collection,thumbnail,full,manifest
obj1,"Serra from the 'Queen Mary Psalter' (British Library Royal 2 B VII, fol. 88v)",sea monster,Queen Mary Master,England,Latin (French image captions),1310 - 1320,The British Library,https://www.bl.uk/catalogues/illuminatedmanuscripts/ILLUMIN.ASP?Size=mid&IllID=52707,"A bottom-of-the-page detail of a serra, a sea monster with fins so enormous that they appear as wings.",0,mmcoll_item,mmcoll,"/img/derivatives/iiif/images/obj1/full/250,/0/default.jpg","/img/derivatives/iiif/images/obj1/full/1140,/0/default.jpg",/img/derivatives/iiif/obj1/manifest.json
obj2,"Serra from the 'Queen Mary Psalter' (British Library Royal 2 B VII, fol. 89)",sea monster,Queen Mary Master,England,Latin (French image captions),1310 - 1320,The British Library,https://www.bl.uk/catalogues/illuminatedmanuscripts/ILLUMIN.ASP?Size=mid&IllID=52267,"A bottom-of-the-page detail of a serra, a sea monster with enormous fins, attacking four men and a woman in a boat.",1,mmcoll_item,mmcoll,"/img/derivatives/iiif/images/obj2/full/250,/0/default.jpg","/img/derivatives/iiif/images/obj2/full/1140,/0/default.jpg",/img/derivatives/iiif/obj2/manifest.json
obj11,"Dragon from a Mahzor (British Library Add. 9405, fol. 3v)",dragon,Solomon ben Jehiel,Germany,Hebrew,1309,The British Library,https://www.bl.uk/catalogues/illuminatedmanuscripts/ILLUMIN.ASP?Size=mid&IllID=44611,A detail of a fire-breathing dragon drawn next to the opening words of the Book of Ruth.,10,mmcoll_item,mmcoll,"/img/derivatives/iiif/images/obj11/full/250,/0/default.jpg","/img/derivatives/iiif/images/obj11/full/1140,/0/default.jpg",/img/derivatives/iiif/obj11/manifest.json
obj12,"Dragon from a Mahzor (British Library Add. 9405, fol. 6)",dragon,Solomon ben Jehiel,Germany,Hebrew,1309,The British Library,https://www.bl.uk/catalogues/illuminatedmanuscripts/ILLUMIN.ASP?Size=mid&IllID=44612,A detail of a dragon biting its arm next to the opening words of Ecclesiastes.,11,mmcoll_item,mmcoll,"/img/derivatives/iiif/images/obj12/full/250,/0/default.jpg","/img/derivatives/iiif/images/obj12/full/1140,/0/default.jpg",/img/derivatives/iiif/obj12/manifest.json
obj13,"Dragon from a Festival Prayer Book (British Library Add. 16577, fol. 44v)",dragon,Unknown,Italy,Hebrew,3rd quarter of the 15th century,The British Library,https://www.bl.uk/catalogues/illuminatedmanuscripts/ILLUMIN.ASP?Size=mid&IllID=56762,A detail of a dragon whose tail encircles a caption.,12,mmcoll_item,mmcoll,"/img/derivatives/iiif/images/obj13/full/250,/0/default.jpg","/img/derivatives/iiif/images/obj13/full/1140,/0/default.jpg",/img/derivatives/iiif/obj13/manifest.json
obj14,"Dragon from a Pentateuch (British Library Add. 26878, fol. 43v)",dragon,Solomon ben Isaac,France,"Hebrew, Aramaic",14th century,The British Library,https://www.bl.uk/catalogues/illuminatedmanuscripts/ILLUMIN.ASP?Size=mid&IllID=52589,A dragon among text.,13,mmcoll_item,mmcoll,"/img/derivatives/iiif/images/obj14/full/250,/0/default.jpg","/img/derivatives/iiif/images/obj14/full/1140,/0/default.jpg",/img/derivatives/iiif/obj14/manifest.json
obj15,"Dragon from a Pentateuch (British Library Add. 26878, fol. 133v)",dragon,Solomon ben Isaac,France,"Hebrew, Aramaic",14th century,The British Library,https://www.bl.uk/catalogues/illuminatedmanuscripts/ILLUMIN.ASP?Size=mid&IllID=44769,A carmina figurata of a dragon. ,14,mmcoll_item,mmcoll,"/img/derivatives/iiif/images/obj15/full/250,/0/default.jpg","/img/derivatives/iiif/images/obj15/full/1140,/0/default.jpg",/img/derivatives/iiif/obj15/manifest.json
obj16,"Hybrids from the 'Luttrell Psalter' (British Library Add. 42130, fol. 62v)",hybrid,Unknown,England,Latin,2nd quarter of the 14th century,The British Library,https://www.bl.uk/catalogues/illuminatedmanuscripts/ILLUMIN.ASP?Size=mid&IllID=56726,"Folio with text from Psalm 32, with a multitude of hybrids in the margins. In addition to the hybrids, there is a man with blue skin at the bottom of the page.",15,mmcoll_item,mmcoll,"/img/derivatives/iiif/images/obj16/full/250,/0/default.jpg","/img/derivatives/iiif/images/obj16/full/1140,/0/default.jpg",/img/derivatives/iiif/obj16/manifest.json
obj17,"Hybrid from the 'Luttrell Psalter' (British Library Add. 42130, fol. 81v)",hybrid,Unknown,England,Latin,2nd quarter of the 14th century,The British Library,https://www.bl.uk/catalogues/illuminatedmanuscripts/ILLUMIN.ASP?Size=mid&IllID=50178,A bottom-of-the-page detail of a large grotesque hybrid next to a seated woman.,16,mmcoll_item,mmcoll,"/img/derivatives/iiif/images/obj17/full/250,/0/default.jpg","/img/derivatives/iiif/images/obj17/full/1140,/0/default.jpg",/img/derivatives/iiif/obj17/manifest.json
obj18,"Hybrid from Scholastic Miscellany (British Library Burney 275, fol. 143)",hybrid,Attributed to the Meliacin Master,France,Latin,1309 - 1316,The British Library,https://www.bl.uk/catalogues/illuminatedmanuscripts/ILLUMIN.ASP?Size=mid&IllID=8655,"A detail of a winged half-man, half-beast hybrid wearing a bishop's mitre.",17,mmcoll_item,mmcoll,"/img/derivatives/iiif/images/obj18/full/250,/0/default.jpg","/img/derivatives/iiif/images/obj18/full/1140,/0/default.jpg",/img/derivatives/iiif/obj18/manifest.json
obj19,"Hybrids from Scholastic Miscellany (British Library Burney 275, fol. 166)",hybrid,Attributed to the Meliacin Master,France,Latin,1309 - 1316,The British Library,https://www.bl.uk/catalogues/illuminatedmanuscripts/ILLUMIN.ASP?Size=mid&IllID=8661,A detail of two hybrid creatures fighting with swords and shields.,18,mmcoll_item,mmcoll,"/img/derivatives/iiif/images/obj19/full/250,/0/default.jpg","/img/derivatives/iiif/images/obj19/full/1140,/0/default.jpg",/img/derivatives/iiif/obj19/manifest.json
obj20,"Hybrid from the 'Harley Hours' (British Library Harley 928, fol. 010)",hybrid,Unknown,England,"Latin, French",last quarter of the 13th century,The British Library,https://www.bl.uk/catalogues/illuminatedmanuscripts/ILLUMIN.ASP?Size=mid&IllID=37242,A detail of a grotesque hybrid.,19,mmcoll_item,mmcoll,"/img/derivatives/iiif/images/obj20/full/250,/0/default.jpg","/img/derivatives/iiif/images/obj20/full/1140,/0/default.jpg",/img/derivatives/iiif/obj20/manifest.json
obj3,"Serra from a Bestiary (British Library Sloane 3544, fol. 42v)",sea monster,Unknown,England,Latin,2nd or 3rd quarter of the 13th century,The British Library,https://www.bl.uk/catalogues/illuminatedmanuscripts/ILLUMIN.ASP?Size=mid&IllID=4478,"A detail of a serra chasing a boat, while the two men in the boat raise their hands in prayer.",2,mmcoll_item,mmcoll,"/img/derivatives/iiif/images/obj3/full/250,/0/default.jpg","/img/derivatives/iiif/images/obj3/full/1140,/0/default.jpg",/img/derivatives/iiif/obj3/manifest.json
obj21,"Hybrids from a copy of 'De Amicitia' (Bodleian Library MS. Canon. Class. Lat. 221, fol. 001r)",hybrid,Unknown,Italy,Latin,end of the 14th century,"Bodleian Libraries, University of Oxford",https://digital.bodleian.ox.ac.uk/objects/6bba4bb6-a36e-4e9b-a4cc-dfbc03d8511e/surfaces/d1addacf-6d29-41b6-a4d2-94500c7cc5f5/,"At the top of the page sits a blue hybrid, with a human head and an animal-like body. At the bottom of the page, there is another hybrid, with a human body and animal-like legs.",20,mmcoll_item,mmcoll,"/img/derivatives/iiif/images/obj21/full/250,/0/default.jpg","/img/derivatives/iiif/images/obj21/full/1140,/0/default.jpg",/img/derivatives/iiif/obj21/manifest.json
obj22,"Hybrid from a copy of the 'Lancelot Cycle, Branch 1' (Bodleian Library MS. Douce 303, fol. 001r)",hybrid,Unknown,France,French,c. 1300,"Bodleian Libraries, University of Oxford",https://digital.bodleian.ox.ac.uk/objects/f4c1e542-14fd-42b5-ab07-8373df7f2304/surfaces/4b31841c-9c10-49c7-a62f-1bf6de76508a/,"A bottom-of-the-page detail of a man chasing a stag, which appears to be running towards a grotesque hybrid.",21,mmcoll_item,mmcoll,"/img/derivatives/iiif/images/obj22/full/250,/0/default.jpg","/img/derivatives/iiif/images/obj22/full/1140,/0/default.jpg",/img/derivatives/iiif/obj22/manifest.json
obj23,"Hybrids in a Benedictian Breviary (Bodleian Library MS. Canon. Liturg. 192, fol. 199r) ",hybrid,Unknown,France,Latin,c. 1350,"Bodleian Libraries, University of Oxford",https://digital.bodleian.ox.ac.uk/objects/8fce9171-9e21-4cc4-af5b-b14967e59ef4/surfaces/9a3e42d0-5a2d-49a2-b769-d04540e25c9a/,"At the bottom of the page are two hybrids. The hybrid on the left holds a disc that contains text from the Magnificat and Ave Maria. The hybrid on the right appears to be holding a serpent, which bears a striking resemblance to its own tails.",22,mmcoll_item,mmcoll,"/img/derivatives/iiif/images/obj23/full/250,/0/default.jpg","/img/derivatives/iiif/images/obj23/full/1140,/0/default.jpg",/img/derivatives/iiif/obj23/manifest.json
obj24,"Hybrids from a Psalter (Bodleian Library MS. Douce 5, fol. 019r)",hybrid,Unknown,Belgium,Latin,1320 - 1330,"Bodleian Libraries, University of Oxford",https://digital.bodleian.ox.ac.uk/objects/ffa96f42-fde8-4f82-93e5-0c645f7f1b94/surfaces/9caa0eab-4e03-4dad-ae11-5ee9cc82d98f/,"A bottom-of-the-page detail of two grotesque hybrids playing musical instruments. The hybrid on the left, whose body is entirely animalistic, appears to be playing a triangle. The hybrid on the right, who has a human head and torso, but the bottom half of a bird, plays a fiddle.",23,mmcoll_item,mmcoll,"/img/derivatives/iiif/images/obj24/full/250,/0/default.jpg","/img/derivatives/iiif/images/obj24/full/1140,/0/default.jpg",/img/derivatives/iiif/obj24/manifest.json
obj25,"Serra from a Bestiary (Bodleian Library MS. Laud Misc. 247, fol. 141v)",sea monster,Unknown,England,Latin,second quarter of the 12th century,"Bodleian Libraries, University of Oxford",https://digital.bodleian.ox.ac.uk/objects/0f92e132-f3a0-4b6c-848c-d71d800f61d6/surfaces/3f1e23e2-55a3-4201-9b6d-5bc9bc4d9bcf/,"A bottom-of-the-page detail of a serra, a fish-like monster with enormous wings, eating some fish.",24,mmcoll_item,mmcoll,"/img/derivatives/iiif/images/obj25/full/250,/0/default.jpg","/img/derivatives/iiif/images/obj25/full/1140,/0/default.jpg",/img/derivatives/iiif/obj25/manifest.json
obj26,"Phoenix from a Bestiary (Bodleian Library MS. Laud Misc. 247, fol. 144r)",phoenix,Unknown,England,Latin,second quarter of the 12th century,"Bodleian Libraries, University of Oxford",https://digital.bodleian.ox.ac.uk/objects/0f92e132-f3a0-4b6c-848c-d71d800f61d6/surfaces/35b20354-404d-43f6-bc76-fc7dd0b6f5db/,A bottom-of-the-page detail of a phoenix preening its wings.,25,mmcoll_item,mmcoll,"/img/derivatives/iiif/images/obj26/full/250,/0/default.jpg","/img/derivatives/iiif/images/obj26/full/1140,/0/default.jpg",/img/derivatives/iiif/obj26/manifest.json
obj27,"Dragon from a Bible (Bodleian Library MS. Canon. Bibl. Lat. 80, fol. 008v)",dragon,Unknown,Italy,Latin,second half of the 13th century,"Bodleian Libraries, University of Oxford",https://digital.bodleian.ox.ac.uk/objects/3858a9a0-195c-43ea-89e0-77136bf2b13b/surfaces/7f195c6e-7bfc-4896-88c4-66c4e638040f/,"A winged dragon sits at the bottom of the page, below the opening text to the Book of Genesis.",26,mmcoll_item,mmcoll,"/img/derivatives/iiif/images/obj27/full/250,/0/default.jpg","/img/derivatives/iiif/images/obj27/full/1140,/0/default.jpg",/img/derivatives/iiif/obj27/manifest.json
obj28,"Hybrid from a Book of Hours (Bodleian Library MS. Douce 62, fol. 003r)",hybrid,"Attributed to the Master of the Brussels Initials, though there is an extra hand working in the borders","Italy, France","Latin, French",c. 1400,"Bodleian Libraries, University of Oxford",https://digital.bodleian.ox.ac.uk/objects/937bbece-fc36-44c8-b84e-3c2821c365e3/surfaces/886fc740-c354-4bab-8b5f-1ce4c5eef099/,A grotesque hybrid with the head of a man and the body of a beast sits at the right margin of the page.,27,mmcoll_item,mmcoll,"/img/derivatives/iiif/images/obj28/full/250,/0/default.jpg","/img/derivatives/iiif/images/obj28/full/1140,/0/default.jpg",/img/derivatives/iiif/obj28/manifest.json
obj29,"Hybrids from a Book of Hours (Bodleian Library MS. Douce 62, fol. 004v)",hybrid,"Attributed to the Master of the Brussels Initials, though there is an extra hand working in the borders","Italy, France","Latin, French",c. 1400,"Bodleian Libraries, University of Oxford",https://digital.bodleian.ox.ac.uk/objects/937bbece-fc36-44c8-b84e-3c2821c365e3/surfaces/debd86d7-1f39-420f-a28f-c72f5455e91b/,"Two grotesque hybrids, both with the head of a man and the body of a beast, sit in the left margin of the left page.",28,mmcoll_item,mmcoll,"/img/derivatives/iiif/images/obj29/full/250,/0/default.jpg","/img/derivatives/iiif/images/obj29/full/1140,/0/default.jpg",/img/derivatives/iiif/obj29/manifest.json
obj30,"Dragon from a Book of Hours (Bodleian Library MS. Douce 62, fol. 006v)",dragon,"Attributed to the Master of the Brussels Initials, though there is an extra hand working in the borders","Italy, France","Latin, French",c. 1400,"Bodleian Libraries, University of Oxford",https://digital.bodleian.ox.ac.uk/objects/937bbece-fc36-44c8-b84e-3c2821c365e3/surfaces/18f7b410-be3c-419f-9ec1-6b3d31b7c8fe/,A dragon sits at the top margin of the left page.,29,mmcoll_item,mmcoll,"/img/derivatives/iiif/images/obj30/full/250,/0/default.jpg","/img/derivatives/iiif/images/obj30/full/1140,/0/default.jpg",/img/derivatives/iiif/obj30/manifest.json
obj4,"Serra from a Bestiary (British Library Sloane 3544, fol. 43)",sea monster,Unknown,England,Latin,2nd or 3rd quarter of the 13th century,The British Library,https://www.bl.uk/catalogues/illuminatedmanuscripts/ILLUMIN.ASP?Size=mid&IllID=4480,"A detail of a serra swimming alongside a boat, while the two men in the boat raise their hands in prayer.",3,mmcoll_item,mmcoll,"/img/derivatives/iiif/images/obj4/full/250,/0/default.jpg","/img/derivatives/iiif/images/obj4/full/1140,/0/default.jpg",/img/derivatives/iiif/obj4/manifest.json
obj31,"Hybrids from a Book of Hours (Bodleian Library MS. Douce 62, fol. 006v)",hybrid,"Attributed to the Master of the Brussels Initials, though there is an extra hand working in the borders","Italy, France","Latin, French",c. 1400,"Bodleian Libraries, University of Oxford",https://digital.bodleian.ox.ac.uk/objects/937bbece-fc36-44c8-b84e-3c2821c365e3/surfaces/18f7b410-be3c-419f-9ec1-6b3d31b7c8fe/,"Two hybrids, both with the head of a man and the body of a beast, appear in the left margin of the left page. One appears to be eating a flower and the other is playing an instrument.",30,mmcoll_item,mmcoll,"/img/derivatives/iiif/images/obj31/full/250,/0/default.jpg","/img/derivatives/iiif/images/obj31/full/1140,/0/default.jpg",/img/derivatives/iiif/obj31/manifest.json
obj32,"Hybrid from a Book of Hours (Bodleian Library MS. Douce 62, fol. 009v)",hybrid,"Attributed to the Master of the Brussels Initials, though there is an extra hand working in the borders","Italy, France","Latin, French",c. 1400,"Bodleian Libraries, University of Oxford",https://digital.bodleian.ox.ac.uk/objects/937bbece-fc36-44c8-b84e-3c2821c365e3/surfaces/53c31000-2f0d-4606-bf61-f456ed966575/,A hybrid with the head of a man and the body of a beast sits in the left margin of the left page.,31,mmcoll_item,mmcoll,"/img/derivatives/iiif/images/obj32/full/250,/0/default.jpg","/img/derivatives/iiif/images/obj32/full/1140,/0/default.jpg",/img/derivatives/iiif/obj32/manifest.json
obj33,"Hybrid from a Book of Hours (Bodleian Library MS. Douce 62, fol. 010v)",hybrid,"Attributed to the Master of the Brussels Initials, though there is an extra hand working in the borders","Italy, France","Latin, French",c. 1400,"Bodleian Libraries, University of Oxford",https://digital.bodleian.ox.ac.uk/objects/937bbece-fc36-44c8-b84e-3c2821c365e3/surfaces/e97fad9c-510d-4f4d-ac53-d06504bdfc9f/,"A hybrid with the head of a man, the body of a beast, and the wings of a bird sits in the left margin of the left page.",32,mmcoll_item,mmcoll,"/img/derivatives/iiif/images/obj33/full/250,/0/default.jpg","/img/derivatives/iiif/images/obj33/full/1140,/0/default.jpg",/img/derivatives/iiif/obj33/manifest.json
obj34,"Hybrid from a Book of Hours (Bodleian Library MS. Douce 62, fol. 039v)",hybrid,"Attributed to the Master of the Brussels Initials, though there is an extra hand working in the borders","Italy, France","Latin, French",c. 1400,"Bodleian Libraries, University of Oxford",https://digital.bodleian.ox.ac.uk/objects/937bbece-fc36-44c8-b84e-3c2821c365e3/surfaces/a796714d-67b6-4b00-87aa-d6165cbbaf76/,A bottom-of-the-page detail of a hybrid with a man's head and torso and a beast's legs. He holds some sort of implement in his hands. ,33,mmcoll_item,mmcoll,"/img/derivatives/iiif/images/obj34/full/250,/0/default.jpg","/img/derivatives/iiif/images/obj34/full/1140,/0/default.jpg",/img/derivatives/iiif/obj34/manifest.json
obj35,"A Mermaid or Siren from a Book of Hours (Bodleian Library MS. Douce 62, fol. 051r)",sea monster,"Attributed to the Master of the Brussels Initials, though there is an extra hand working in the borders","Italy, France","Latin, French",c. 1400,"Bodleian Libraries, University of Oxford",https://digital.bodleian.ox.ac.uk/objects/937bbece-fc36-44c8-b84e-3c2821c365e3/surfaces/36c916d7-bbb8-4349-bc8e-81f8347ba7ea/,A close detail of either a mermaid or a siren holding a comb and mirror.,34,mmcoll_item,mmcoll,"/img/derivatives/iiif/images/obj35/full/250,/0/default.jpg","/img/derivatives/iiif/images/obj35/full/1140,/0/default.jpg",/img/derivatives/iiif/obj35/manifest.json
obj36,"A Hybrid from a Book of Hours (Bodleian Library MS. Douce 62, fol. 067v)",hybrid,"Attributed to the Master of the Brussels Initials, though there is an extra hand working in the borders","Italy, France","Latin, French",c. 1400,"Bodleian Libraries, University of Oxford",https://digital.bodleian.ox.ac.uk/objects/937bbece-fc36-44c8-b84e-3c2821c365e3/surfaces/7a22e8e9-d270-4a1d-81b6-1a81fb29ff3b/,A hybrid with the head of a man and the legs of a beast looks on as two men wrestle.,35,mmcoll_item,mmcoll,"/img/derivatives/iiif/images/obj36/full/250,/0/default.jpg","/img/derivatives/iiif/images/obj36/full/1140,/0/default.jpg",/img/derivatives/iiif/obj36/manifest.json
obj37,"A Hybrid from a Book of Hours (Bodleian Library MS. Douce 62, fol. 105v)",hybrid,"Attributed to the Master of the Brussels Initials, though there is an extra hand working in the borders","Italy, France","Latin, French",c. 1400,"Bodleian Libraries, University of Oxford",https://digital.bodleian.ox.ac.uk/objects/937bbece-fc36-44c8-b84e-3c2821c365e3/surfaces/e4c330fd-dceb-4b1a-aef4-8e2c8e2b781b/,A detail of hybrid with the upper half of a man and the lower half of a beast uses a lantern to read.,36,mmcoll_item,mmcoll,"/img/derivatives/iiif/images/obj37/full/250,/0/default.jpg","/img/derivatives/iiif/images/obj37/full/1140,/0/default.jpg",/img/derivatives/iiif/obj37/manifest.json
obj38,"A Hybrid from a Psalter (Bodleian Library MS. Douce 118, fol. 009r)",hybrid,Unknown,France,Latin,end of the 13th century,"Bodleian Libraries, University of Oxford",https://digital.bodleian.ox.ac.uk/objects/01979694-9663-472b-97d5-3ed575dd89b2/surfaces/9277fd84-ed81-4515-83c0-9f9d9562ac9f/,"A bottom-of-the-page detail of a female hybrid, possibly a mermaid or siren, combing her hair with a mirror.",37,mmcoll_item,mmcoll,"/img/derivatives/iiif/images/obj38/full/250,/0/default.jpg","/img/derivatives/iiif/images/obj38/full/1140,/0/default.jpg",/img/derivatives/iiif/obj38/manifest.json
obj39,"Hybrids from a Psalter (Bodleian Library MS. Douce 118, fol. 009v - 010r)",hybrid,Unknown,France,Latin,end of the 13th century,"Bodleian Libraries, University of Oxford",https://digital.bodleian.ox.ac.uk/objects/01979694-9663-472b-97d5-3ed575dd89b2/surfaces/22044969-3e08-4e24-be95-c81a3cc5d75d/,"Multiple hybrids play in bottom margins of these pages. On the left page, there is a hybrid with the head of a man and the body of a dragon. On the right page, a hybrid with the head of a man and a body of a beast chases after a grotesque animal wearing a hat.",38,mmcoll_item,mmcoll,"/img/derivatives/iiif/images/obj39/full/250,/0/default.jpg","/img/derivatives/iiif/images/obj39/full/1140,/0/default.jpg",/img/derivatives/iiif/obj39/manifest.json
obj40,"Hybrids from a Psalter (Bodleian Library MS. Douce 118, fol. 012v - 013r)",hybrid,Unknown,France,Latin,end of the 13th century,"Bodleian Libraries, University of Oxford",https://digital.bodleian.ox.ac.uk/objects/01979694-9663-472b-97d5-3ed575dd89b2/surfaces/672392ea-bd72-459a-91f5-9c00e7f7ef60/,"Multiple hybrids play in bottom margins of these pages. On the left page, a grotesque hybrid wearing a mitre holds a blank scroll. On the right page, a female hybrid shoots at a shield-wielding animal.",39,mmcoll_item,mmcoll,"/img/derivatives/iiif/images/obj40/full/250,/0/default.jpg","/img/derivatives/iiif/images/obj40/full/1140,/0/default.jpg",/img/derivatives/iiif/obj40/manifest.json
obj5,"Phoenix from the 'Queen Mary Psalter' (British Library Royal 2 B VII, fol. 93v)",phoenix,Queen Mary Master,England,Latin (French image captions),1310 - 1320,The British Library,https://www.bl.uk/catalogues/illuminatedmanuscripts/ILLUMIN.ASP?Size=mid&IllID=52717,A bottom-of-the-page detail of a phoenix in a burning nest.,4,mmcoll_item,mmcoll,"/img/derivatives/iiif/images/obj5/full/250,/0/default.jpg","/img/derivatives/iiif/images/obj5/full/1140,/0/default.jpg",/img/derivatives/iiif/obj5/manifest.json
obj41,"A Devil from a Psalter (Bodleian Library MS. Douce 118, fol. 018r)",demon,Unknown,France,Latin,end of the 13th century,"Bodleian Libraries, University of Oxford",https://digital.bodleian.ox.ac.uk/objects/01979694-9663-472b-97d5-3ed575dd89b2/surfaces/127e24d3-e1ff-474f-925a-98bc283a4f49/,A bottom-of-the-page detail of a blue devil playing a horn. On the left of the devil is a small grotesque hybrid.,40,mmcoll_item,mmcoll,"/img/derivatives/iiif/images/obj41/full/250,/0/default.jpg","/img/derivatives/iiif/images/obj41/full/1140,/0/default.jpg",/img/derivatives/iiif/obj41/manifest.json
obj42,"A Demon from a 'Treatise on Active and Contemplative Life' (Bodleian Library MS. Bodl. 100, fol. 072v)",demon,Unknown,England,English,"end of the 14th century, drawings are from the first half of the 15th century","Bodleian Libraries, University of Oxford",https://digital.bodleian.ox.ac.uk/objects/cffa0466-6f72-4c6e-996d-a1e8430ca05d/,"At the bottom of the page, a demon tortures a dark-skinned figure. This drawing, as well as the drawing of the figure with a staff above it, are later additions to the manuscript. The manuscript itself is dated to the end of the 14th century, authored by a Walter Hilton, but the drawings were added in the first half of the 15th century by an unknown artist.",41,mmcoll_item,mmcoll,"/img/derivatives/iiif/images/obj42/full/250,/0/default.jpg","/img/derivatives/iiif/images/obj42/full/1140,/0/default.jpg",/img/derivatives/iiif/obj42/manifest.json
obj43,"A Griffin from a copy of 'The Lives of Saints including St. Brendan' (Bodleian Library MS. Laud Mis. 173, fol. 126r)",griffin,Unknown,Germany,Latin,beginning of the 15th century,"Bodleian Libraries, University of Oxford",https://digital.bodleian.ox.ac.uk/objects/b44910e7-d3e0-4f4f-ad04-8640b9294b5b/surfaces/a7047f00-8670-4fee-96e1-267b99c2d54b/,"A bottom-of-the-page detail of a griffin, a monster that is half-lion and half-eagle, attacks St. Brendan and other monks while they pray in their boat.",42,mmcoll_item,mmcoll,"/img/derivatives/iiif/images/obj43/full/250,/0/default.jpg","/img/derivatives/iiif/images/obj43/full/1140,/0/default.jpg",/img/derivatives/iiif/obj43/manifest.json
obj44,"A Griffin from a copy of 'The Lives of Saints including St. Brendan' (Bodleian Library MS. Laud Mis. 173, fol. 126v)",griffin,Unknown,Germany,Latin,beginning of the 15th century,"Bodleian Libraries, University of Oxford",https://digital.bodleian.ox.ac.uk/objects/b44910e7-d3e0-4f4f-ad04-8640b9294b5b/surfaces/d9e8748e-f771-44f2-a1c5-0e34e0891194/,"A top-of-the-page detail of a large bird attacking a griffin, a half-lion and half-eagle monster.",43,mmcoll_item,mmcoll,"/img/derivatives/iiif/images/obj44/full/250,/0/default.jpg","/img/derivatives/iiif/images/obj44/full/1140,/0/default.jpg",/img/derivatives/iiif/obj44/manifest.json
obj45,"A Demon from a copy of 'The Lives of Saints including St. Brendan' (Bodleian Library MS. Laud Mis. 173, fol. 128v)",demon,Unknown,Germany,Latin,beginning of the 15th century,"Bodleian Libraries, University of Oxford",https://digital.bodleian.ox.ac.uk/objects/b44910e7-d3e0-4f4f-ad04-8640b9294b5b/surfaces/2f96a71a-2130-490f-b2c7-cf90e3245b76/,"A top-of-the-page detail of a monstrous demon holding tongs and a torch, setting the sea ablaze around the monks in a boat.",44,mmcoll_item,mmcoll,"/img/derivatives/iiif/images/obj45/full/250,/0/default.jpg","/img/derivatives/iiif/images/obj45/full/1140,/0/default.jpg",/img/derivatives/iiif/obj45/manifest.json
obj46,"A Demon from a copy of 'The Lives of Saints including St. Brendan' (Bodleian Library MS. Laud Mis. 173, fol. 129v)",demon,Unknown,Germany,Latin,beginning of the 15th century,"Bodleian Libraries, University of Oxford",https://digital.bodleian.ox.ac.uk/objects/b44910e7-d3e0-4f4f-ad04-8640b9294b5b/surfaces/509b996f-1bc4-46a3-b7a3-ab13bdb1f443/,A demon with horns or long ears stands behind Judas as he sits by the ocean.,45,mmcoll_item,mmcoll,"/img/derivatives/iiif/images/obj46/full/250,/0/default.jpg","/img/derivatives/iiif/images/obj46/full/1140,/0/default.jpg",/img/derivatives/iiif/obj46/manifest.json
obj47,A Demon from the 'Tinted Mahzor',demon,Isaac,Germany,Hebrew,first half of the 14th century,The British Library,https://www.bl.uk/catalogues/illuminatedmanuscripts/ILLUMIN.ASP?Size=mid&IllID=52542,A bottom-of-the-page detail of a demon.,46,mmcoll_item,mmcoll,"/img/derivatives/iiif/images/obj47/full/250,/0/default.jpg","/img/derivatives/iiif/images/obj47/full/1140,/0/default.jpg",/img/derivatives/iiif/obj47/manifest.json
obj48,"A Centaur from the 'Rutland Psalter' (British Library Add MS 62925, fol. 058v)",centaur,Unknown,England,Latin,c. 1260,The British Library,https://www.bl.uk/manuscripts/Viewer.aspx?ref=add_ms_62925_f058v,A bottom-of-the-page detail of a female centaur suckling her child. A man in a boat that has a human head looks on from the left.,47,mmcoll_item,mmcoll,"/img/derivatives/iiif/images/obj48/full/250,/0/default.jpg","/img/derivatives/iiif/images/obj48/full/1140,/0/default.jpg",/img/derivatives/iiif/obj48/manifest.json
obj49,"A Dragon from the 'Rutland Psalter' (British Library Add MS 62925, fol. 083r)",dragon,Unknown,England,Latin,c. 1260,The British Library,https://www.bl.uk/manuscripts/Viewer.aspx?ref=add_ms_62925_f083r,A bottom-of-the-page detail of a naked man riding a multi-legged dragon.,48,mmcoll_item,mmcoll,"/img/derivatives/iiif/images/obj49/full/250,/0/default.jpg","/img/derivatives/iiif/images/obj49/full/1140,/0/default.jpg",/img/derivatives/iiif/obj49/manifest.json
obj50,"A Dragon from the 'Rutland Psalter' (British Library Add MS 62925, fol. 098r)",dragon,Unknown,England,Latin,c. 1260,The British Library,http://www.bl.uk/manuscripts/Viewer.aspx?ref=add_ms_62925_f098r,A bottom-of-the-page detail of a man holding the tail of a dragon. The man is holding a disembodied leg in his other hand.,49,mmcoll_item,mmcoll,"/img/derivatives/iiif/images/obj50/full/250,/0/default.jpg","/img/derivatives/iiif/images/obj50/full/1140,/0/default.jpg",/img/derivatives/iiif/obj50/manifest.json
obj6,"Phoenix from the 'Queen Mary Psalter' (British Library Royal 2 B VII, fol. 94)",phoenix,Queen Mary Master,England,Latin (French image captions),1310 - 1320,The British Library,https://www.bl.uk/catalogues/illuminatedmanuscripts/ILLUMIN.ASP?Size=mid&IllID=52277,"A bottom-of-the-page detail of a renewed phoenix, emerging from a nest of ashes.",5,mmcoll_item,mmcoll,"/img/derivatives/iiif/images/obj6/full/250,/0/default.jpg","/img/derivatives/iiif/images/obj6/full/1140,/0/default.jpg",/img/derivatives/iiif/obj6/manifest.json
obj51,"A Centaur from a copy of 'Lancelot du Lac' (British Library Royal 20 D IV, fol. 150v)",centaur,Attributed to the Master au Menton Fuyant,France,French,first quarter of the 14th century,The British Library,https://www.bl.uk/catalogues/illuminatedmanuscripts/ILLUMIN.ASP?Size=mid&IllID=48230,A bottom-of-the-page detail of a centaur hunting an ape using a bow.,50,mmcoll_item,mmcoll,"/img/derivatives/iiif/images/obj51/full/250,/0/default.jpg","/img/derivatives/iiif/images/obj51/full/1140,/0/default.jpg",/img/derivatives/iiif/obj51/manifest.json
obj7,"Sirens from the 'Queen Mary Psalter' (British Library Royal 2 B VII, fol. 96v)",sea monster,Queen Mary Master,England,Latin (French image captions),1310 - 1320,The British Library,https://www.bl.uk/catalogues/illuminatedmanuscripts/ILLUMIN.ASP?Size=mid&IllID=52724,A bottom-of-the-page detail of two sirens in the ocean beside a boat with a sleeping crew.,6,mmcoll_item,mmcoll,"/img/derivatives/iiif/images/obj7/full/250,/0/default.jpg","/img/derivatives/iiif/images/obj7/full/1140,/0/default.jpg",/img/derivatives/iiif/obj7/manifest.json
obj8,"Sirens from the 'Queen Mary Psalter' (British Library Royal 2 B VII, fol. 97)",sea monster,Queen Mary Master,England,Latin (French image captions),1310 - 1320,The British Library,https://www.bl.uk/catalogues/illuminatedmanuscripts/ILLUMIN.ASP?Size=mid&IllID=52283,A bottom-of-the-page detail of two sirens attacking a ship and its sleeping crew.,7,mmcoll_item,mmcoll,"/img/derivatives/iiif/images/obj8/full/250,/0/default.jpg","/img/derivatives/iiif/images/obj8/full/1140,/0/default.jpg",/img/derivatives/iiif/obj8/manifest.json
obj9,"Unicorn from the 'Queen Mary Psalter' (British Library Royal 2 B VII, fol. 101)",unicorn,Queen Mary Master,England,Latin (French image captions),1310 - 1320,The British Library,https://www.bl.uk/catalogues/illuminatedmanuscripts/ILLUMIN.ASP?Size=mid&IllID=52334,A bottom-of-the-page detail of a unicorn being speared by a hunter while it lays its head in the lap of a virgin.,8,mmcoll_item,mmcoll,"/img/derivatives/iiif/images/obj9/full/250,/0/default.jpg","/img/derivatives/iiif/images/obj9/full/1140,/0/default.jpg",/img/derivatives/iiif/obj9/manifest.json
obj10,"Hybrids from the 'Queen Mary Psalter' (British Library Royal 2 B VII, fol. 136)",hybrid,Queen Mary Master,England,Latin (French image captions),1310 - 1320,The British Library,https://www.bl.uk/catalogues/illuminatedmanuscripts/ILLUMIN.ASP?Size=mid&IllID=52912,"A bottom-of-the-page detail of two grotesque hybrids fighting. The hybrid on the left appears to be half-dragon, half-lion and the hybrid on the right appears to be half-man, half-dragon.",9,mmcoll_item,mmcoll,"/img/derivatives/iiif/images/obj10/full/250,/0/default.jpg","/img/derivatives/iiif/images/obj10/full/1140,/0/default.jpg",/img/derivatives/iiif/obj10/manifest.json
